dataset,method,class,support,prevalence,rare,P_mean,R_mean,R_sd,F1_mean,F1_sd
galar_pathology,argmax,0,2986746,0.856549,0,0.9305,0.9373,0.0081,0.9338,0.0157
galar_pathology,argmax,1,373575,0.107135,0,0.5959,0.5995,0.1158,0.5977,0.1165
galar_pathology,argmax,2,33158,0.009509,0,0.1018,0.0886,0.0700,0.0657,0.0333
galar_pathology,argmax,3,28571,0.008194,0,0.4191,0.4961,0.2830,0.4382,0.1808
galar_pathology,argmax,4,16308,0.004677,0,0.0940,0.0584,0.0039,0.0700,0.0146
galar_pathology,argmax,5,14567,0.004178,0,0.0654,0.0943,0.0579,0.0703,0.0245
galar_pathology,argmax,6,14511,0.004162,0,0.0424,0.0481,0.0081,0.0430,0.0179
galar_pathology,argmax,7,10999,0.003154,0,0.0000,0.0000,0.0000,0.0000,0.0000
galar_pathology,argmax,8,5982,0.001716,1,0.2200,0.0186,0.0168,0.0343,0.0311
galar_pathology,argmax,9,2463,0.000706,1,0.1182,0.0688,0.0386,0.0840,0.0595
galar_pathology,argmax,10,60,0.000017,1,0.0000,0.0000,0.0000,0.0000,0.0000
galar_pathology,argmax,11,14,0.000004,1,0.0000,0.0000,0.0000,0.0000,0.0000
galar_pathology,la_tau,0,2986746,0.856549,0,0.9305,0.9373,0.0081,0.9338,0.0157
galar_pathology,la_tau,1,373575,0.107135,0,0.5959,0.5995,0.1158,0.5977,0.1165
galar_pathology,la_tau,2,33158,0.009509,0,0.1018,0.0886,0.0700,0.0657,0.0333
galar_pathology,la_tau,3,28571,0.008194,0,0.4191,0.4961,0.2830,0.4382,0.1808
galar_pathology,la_tau,4,16308,0.004677,0,0.0940,0.0584,0.0039,0.0700,0.0146
galar_pathology,la_tau,5,14567,0.004178,0,0.0654,0.0943,0.0579,0.0703,0.0245
galar_pathology,la_tau,6,14511,0.004162,0,0.0424,0.0481,0.0081,0.0430,0.0179
galar_pathology,la_tau,7,10999,0.003154,0,0.0000,0.0000,0.0000,0.0000,0.0000
galar_pathology,la_tau,8,5982,0.001716,1,0.2200,0.0186,0.0168,0.0343,0.0311
galar_pathology,la_tau,9,2463,0.000706,1,0.1182,0.0688,0.0386,0.0840,0.0595
galar_pathology,la_tau,10,60,0.000017,1,0.0000,0.0000,0.0000,0.0000,0.0000
galar_pathology,la_tau,11,14,0.000004,1,0.0000,0.0000,0.0000,0.0000,0.0000
galar_pathology,ot_alpha,0,2986746,0.856549,0,0.9112,0.9125,0.0620,0.9079,0.0018
galar_pathology,ot_alpha,1,373575,0.107135,0,0.5833,0.5282,0.2222,0.4172,0.0416
galar_pathology,ot_alpha,2,33158,0.009509,0,0.0627,0.0971,0.0781,0.0478,0.0168
galar_pathology,ot_alpha,3,28571,0.008194,0,0.3981,0.4806,0.2853,0.4189,0.1814
galar_pathology,ot_alpha,4,16308,0.004677,0,0.0680,0.0625,0.0263,0.0516,0.0017
galar_pathology,ot_alpha,5,14567,0.004178,0,0.0694,0.0894,0.0573,0.0723,0.0306
galar_pathology,ot_alpha,6,14511,0.004162,0,0.0392,0.0390,0.0175,0.0391,0.0178
galar_pathology,ot_alpha,7,10999,0.003154,0,0.0064,0.0000,0.0000,0.0001,0.0001
galar_pathology,ot_alpha,8,5982,0.001716,1,0.0558,0.1094,0.1074,0.0732,0.0704
galar_pathology,ot_alpha,9,2463,0.000706,1,0.1087,0.0648,0.0366,0.0780,0.0566
galar_pathology,ot_alpha,10,60,0.000017,1,0.0000,0.0000,0.0000,0.0000,0.0000
galar_pathology,ot_alpha,11,14,0.000004,1,0.0000,0.0000,0.0000,0.0000,0.0000
galar_pathology,mean_temporal,0,2986746,0.856549,0,0.9303,0.9469,0.0090,0.9384,0.0157
galar_pathology,mean_temporal,1,373575,0.107135,0,0.6229,0.6001,0.1233,0.6110,0.1139
galar_pathology,mean_temporal,2,33158,0.009509,0,0.1035,0.0813,0.0709,0.0659,0.0468
galar_pathology,mean_temporal,3,28571,0.008194,0,0.4628,0.4994,0.2844,0.4590,0.1845
galar_pathology,mean_temporal,4,16308,0.004677,0,0.1170,0.0512,0.0054,0.0684,0.0174
galar_pathology,mean_temporal,5,14567,0.004178,0,0.0727,0.0812,0.0661,0.0734,0.0521
galar_pathology,mean_temporal,6,14511,0.004162,0,0.0406,0.0362,0.0087,0.0366,0.0168
galar_pathology,mean_temporal,7,10999,0.003154,0,0.0000,0.0000,0.0000,0.0000,0.0000
galar_pathology,mean_temporal,8,5982,0.001716,1,0.2789,0.0143,0.0129,0.0271,0.0246
galar_pathology,mean_temporal,9,2463,0.000706,1,0.2100,0.0630,0.0418,0.0945,0.0711
galar_pathology,mean_temporal,10,60,0.000017,1,0.0000,0.0000,0.0000,0.0000,0.0000
galar_pathology,mean_temporal,11,14,0.000004,1,0.0000,0.0000,0.0000,0.0000,0.0000
galar_pathology,ega_b4,0,2986746,0.856549,0,0.9292,0.9500,0.0085,0.9394,0.0160
galar_pathology,ega_b4,1,373575,0.107135,0,0.6336,0.5907,0.1229,0.6111,0.1141
galar_pathology,ega_b4,2,33158,0.009509,0,0.1057,0.0770,0.0683,0.0675,0.0515
galar_pathology,ega_b4,3,28571,0.008194,0,0.4911,0.4945,0.2853,0.4657,0.1856
galar_pathology,ega_b4,4,16308,0.004677,0,0.1257,0.0413,0.0047,0.0594,0.0150
galar_pathology,ega_b4,5,14567,0.004178,0,0.0839,0.0726,0.0663,0.0764,0.0669
galar_pathology,ega_b4,6,14511,0.004162,0,0.0433,0.0327,0.0097,0.0359,0.0172
galar_pathology,ega_b4,7,10999,0.003154,0,0.0000,0.0000,0.0000,0.0000,0.0000
galar_pathology,ega_b4,8,5982,0.001716,1,0.2412,0.0571,0.0560,0.0921,0.0900
galar_pathology,ega_b4,9,2463,0.000706,1,0.0370,0.1312,0.0708,0.0576,0.0354
galar_pathology,ega_b4,10,60,0.000017,1,0.0260,0.0446,0.0446,0.0329,0.0329
galar_pathology,ega_b4,11,14,0.000004,1,0.0000,0.0000,0.0000,0.0000,0.0000
galar_pathology,hcg,0,2986746,0.856549,0,0.9309,0.9423,0.0107,0.9365,0.0162
galar_pathology,hcg,1,373575,0.107135,0,0.6230,0.5990,0.1292,0.6103,0.1148
galar_pathology,hcg,2,33158,0.009509,0,0.1021,0.0825,0.0717,0.0649,0.0450
galar_pathology,hcg,3,28571,0.008194,0,0.4091,0.5114,0.2814,0.4402,0.1732
galar_pathology,hcg,4,16308,0.004677,0,0.1042,0.0535,0.0045,0.0670,0.0180
galar_pathology,hcg,5,14567,0.004178,0,0.0574,0.0846,0.0688,0.0644,0.0433
galar_pathology,hcg,6,14511,0.004162,0,0.0369,0.0394,0.0106,0.0366,0.0180
galar_pathology,hcg,7,10999,0.003154,0,0.0000,0.0000,0.0000,0.0000,0.0000
galar_pathology,hcg,8,5982,0.001716,1,0.2763,0.0136,0.0117,0.0257,0.0226
galar_pathology,hcg,9,2463,0.000706,1,0.1047,0.0805,0.0453,0.0889,0.0615
galar_pathology,hcg,10,60,0.000017,1,0.0000,0.0000,0.0000,0.0000,0.0000
galar_pathology,hcg,11,14,0.000004,1,0.0000,0.0000,0.0000,0.0000,0.0000
galar_pathology,hcg_const,0,2986746,0.856549,0,0.9307,0.9441,0.0100,0.9373,0.0160
galar_pathology,hcg_const,1,373575,0.107135,0,0.6229,0.5995,0.1270,0.6106,0.1144
galar_pathology,hcg_const,2,33158,0.009509,0,0.1032,0.0822,0.0716,0.0657,0.0463
galar_pathology,hcg_const,3,28571,0.008194,0,0.4307,0.5056,0.2821,0.4487,0.1792
galar_pathology,hcg_const,4,16308,0.004677,0,0.1100,0.0541,0.0044,0.0689,0.0178
galar_pathology,hcg_const,5,14567,0.004178,0,0.0646,0.0835,0.0676,0.0690,0.0472
galar_pathology,hcg_const,6,14511,0.004162,0,0.0382,0.0387,0.0092,0.0369,0.0171
galar_pathology,hcg_const,7,10999,0.003154,0,0.0000,0.0000,0.0000,0.0000,0.0000
galar_pathology,hcg_const,8,5982,0.001716,1,0.2653,0.0136,0.0123,0.0259,0.0235
galar_pathology,hcg_const,9,2463,0.000706,1,0.1511,0.0738,0.0426,0.0959,0.0679
galar_pathology,hcg_const,10,60,0.000017,1,0.0000,0.0000,0.0000,0.0000,0.0000
galar_pathology,hcg_const,11,14,0.000004,1,0.0000,0.0000,0.0000,0.0000,0.0000
galar_pathology,hcg_hard,0,2986746,0.856549,0,0.9309,0.9423,0.0106,0.9365,0.0162
galar_pathology,hcg_hard,1,373575,0.107135,0,0.6225,0.5995,0.1292,0.6103,0.1147
galar_pathology,hcg_hard,2,33158,0.009509,0,0.1021,0.0825,0.0716,0.0648,0.0449
galar_pathology,hcg_hard,3,28571,0.008194,0,0.4137,0.5116,0.2813,0.4418,0.1714
galar_pathology,hcg_hard,4,16308,0.004677,0,0.1041,0.0532,0.0047,0.0670,0.0178
galar_pathology,hcg_hard,5,14567,0.004178,0,0.0567,0.0845,0.0691,0.0639,0.0433
galar_pathology,hcg_hard,6,14511,0.004162,0,0.0371,0.0392,0.0106,0.0365,0.0182
galar_pathology,hcg_hard,7,10999,0.003154,0,0.0000,0.0000,0.0000,0.0000,0.0000
galar_pathology,hcg_hard,8,5982,0.001716,1,0.2731,0.0132,0.0114,0.0251,0.0220
galar_pathology,hcg_hard,9,2463,0.000706,1,0.1044,0.0811,0.0448,0.0891,0.0609
galar_pathology,hcg_hard,10,60,0.000017,1,0.0000,0.0000,0.0000,0.0000,0.0000
galar_pathology,hcg_hard,11,14,0.000004,1,0.0000,0.0000,0.0000,0.0000,0.0000
galar_pathology,hcg_video,0,2986746,0.856549,0,0.9309,0.9423,0.0107,0.9365,0.0162
galar_pathology,hcg_video,1,373575,0.107135,0,0.6230,0.5990,0.1292,0.6103,0.1148
galar_pathology,hcg_video,2,33158,0.009509,0,0.1021,0.0825,0.0717,0.0649,0.0450
galar_pathology,hcg_video,3,28571,0.008194,0,0.4091,0.5114,0.2814,0.4402,0.1732
galar_pathology,hcg_video,4,16308,0.004677,0,0.1042,0.0535,0.0045,0.0670,0.0180
galar_pathology,hcg_video,5,14567,0.004178,0,0.0574,0.0846,0.0688,0.0644,0.0433
galar_pathology,hcg_video,6,14511,0.004162,0,0.0369,0.0394,0.0106,0.0366,0.0180
galar_pathology,hcg_video,7,10999,0.003154,0,0.0000,0.0000,0.0000,0.0000,0.0000
galar_pathology,hcg_video,8,5982,0.001716,1,0.2763,0.0136,0.0117,0.0257,0.0226
galar_pathology,hcg_video,9,2463,0.000706,1,0.1047,0.0805,0.0453,0.0889,0.0615
galar_pathology,hcg_video,10,60,0.000017,1,0.0000,0.0000,0.0000,0.0000,0.0000
galar_pathology,hcg_video,11,14,0.000004,1,0.0000,0.0000,0.0000,0.0000,0.0000
galar_pathology,hcg_rel,0,2986746,0.856549,0,0.9308,0.9435,0.0103,0.9371,0.0161
galar_pathology,hcg_rel,1,373575,0.107135,0,0.6225,0.6004,0.1269,0.6109,0.1143
galar_pathology,hcg_rel,2,33158,0.009509,0,0.1022,0.0817,0.0710,0.0647,0.0450
galar_pathology,hcg_rel,3,28571,0.008194,0,0.4148,0.5104,0.2823,0.4416,0.1723
galar_pathology,hcg_rel,4,16308,0.004677,0,0.1067,0.0528,0.0052,0.0674,0.0181
galar_pathology,hcg_rel,5,14567,0.004178,0,0.0590,0.0832,0.0693,0.0653,0.0462
galar_pathology,hcg_rel,6,14511,0.004162,0,0.0380,0.0376,0.0092,0.0360,0.0174
galar_pathology,hcg_rel,7,10999,0.003154,0,0.0000,0.0000,0.0000,0.0000,0.0000
galar_pathology,hcg_rel,8,5982,0.001716,1,0.2527,0.0105,0.0091,0.0201,0.0176
galar_pathology,hcg_rel,9,2463,0.000706,1,0.1353,0.0768,0.0436,0.0944,0.0679
galar_pathology,hcg_rel,10,60,0.000017,1,0.0000,0.0000,0.0000,0.0000,0.0000
galar_pathology,hcg_rel,11,14,0.000004,1,0.0000,0.0000,0.0000,0.0000,0.0000
galar_pathology,hcg_rel_vid,0,2986746,0.856549,0,0.9308,0.9435,0.0103,0.9371,0.0161
galar_pathology,hcg_rel_vid,1,373575,0.107135,0,0.6225,0.6004,0.1269,0.6109,0.1143
galar_pathology,hcg_rel_vid,2,33158,0.009509,0,0.1022,0.0817,0.0710,0.0647,0.0450
galar_pathology,hcg_rel_vid,3,28571,0.008194,0,0.4148,0.5104,0.2823,0.4416,0.1723
galar_pathology,hcg_rel_vid,4,16308,0.004677,0,0.1067,0.0528,0.0052,0.0674,0.0181
galar_pathology,hcg_rel_vid,5,14567,0.004178,0,0.0590,0.0832,0.0693,0.0653,0.0462
galar_pathology,hcg_rel_vid,6,14511,0.004162,0,0.0380,0.0376,0.0092,0.0360,0.0174
galar_pathology,hcg_rel_vid,7,10999,0.003154,0,0.0000,0.0000,0.0000,0.0000,0.0000
galar_pathology,hcg_rel_vid,8,5982,0.001716,1,0.2527,0.0105,0.0091,0.0201,0.0176
galar_pathology,hcg_rel_vid,9,2463,0.000706,1,0.1353,0.0768,0.0436,0.0944,0.0679
galar_pathology,hcg_rel_vid,10,60,0.000017,1,0.0000,0.0000,0.0000,0.0000,0.0000
galar_pathology,hcg_rel_vid,11,14,0.000004,1,0.0000,0.0000,0.0000,0.0000,0.0000
galar_pathology,hce,0,2986746,0.856549,0,0.9298,0.9472,0.0098,0.9383,0.0164
galar_pathology,hce,1,373575,0.107135,0,0.6332,0.5901,0.1269,0.6104,0.1150
galar_pathology,hce,2,33158,0.009509,0,0.1052,0.0773,0.0684,0.0665,0.0499
galar_pathology,hce,3,28571,0.008194,0,0.4458,0.5057,0.2828,0.4517,0.1718
galar_pathology,hce,4,16308,0.004677,0,0.1131,0.0423,0.0045,0.0585,0.0154
galar_pathology,hce,5,14567,0.004178,0,0.0704,0.0741,0.0681,0.0704,0.0614
galar_pathology,hce,6,14511,0.004162,0,0.0418,0.0347,0.0107,0.0364,0.0183
galar_pathology,hce,7,10999,0.003154,0,0.0000,0.0000,0.0000,0.0000,0.0000
galar_pathology,hce,8,5982,0.001716,1,0.2662,0.0518,0.0506,0.0865,0.0844
galar_pathology,hce,9,2463,0.000706,1,0.0333,0.1427,0.0662,0.0536,0.0331
galar_pathology,hce,10,60,0.000017,1,0.0198,0.0446,0.0446,0.0275,0.0275
galar_pathology,hce,11,14,0.000004,1,0.0000,0.0000,0.0000,0.0000,0.0000
galar_pathology,hce_auto,0,2986746,0.856549,0,0.9307,0.9459,0.0127,0.9382,0.0172
galar_pathology,hce_auto,1,373575,0.107135,0,0.6265,0.5976,0.1298,0.6110,0.1141
galar_pathology,hce_auto,2,33158,0.009509,0,0.1098,0.0780,0.0673,0.0694,0.0497
galar_pathology,hce_auto,3,28571,0.008194,0,0.4439,0.5039,0.2758,0.4603,0.1910
galar_pathology,hce_auto,4,16308,0.004677,0,0.1230,0.0468,0.0008,0.0618,0.0126
galar_pathology,hce_auto,5,14567,0.004178,0,0.0539,0.0793,0.0731,0.0605,0.0510
galar_pathology,hce_auto,6,14511,0.004162,0,0.0390,0.0348,0.0119,0.0360,0.0173
galar_pathology,hce_auto,7,10999,0.003154,0,0.0000,0.0000,0.0000,0.0000,0.0000
galar_pathology,hce_auto,8,5982,0.001716,1,0.2398,0.0573,0.0559,0.0923,0.0898
galar_pathology,hce_auto,9,2463,0.000706,1,0.0412,0.1176,0.0844,0.0597,0.0332
galar_pathology,hce_auto,10,60,0.000017,1,0.0260,0.0446,0.0446,0.0329,0.0329
galar_pathology,hce_auto,11,14,0.000004,1,0.0000,0.0000,0.0000,0.0000,0.0000
galar_pathology,pact,0,2986746,0.856549,0,0.9303,0.9477,0.0108,0.9389,0.0165
galar_pathology,pact,1,373575,0.107135,0,0.6278,0.5961,0.1283,0.6110,0.1140
galar_pathology,pact,2,33158,0.009509,0,0.1094,0.0779,0.0674,0.0691,0.0499
galar_pathology,pact,3,28571,0.008194,0,0.4635,0.4989,0.2809,0.4625,0.1888
galar_pathology,pact,4,16308,0.004677,0,0.1255,0.0461,0.0001,0.0625,0.0119
galar_pathology,pact,5,14567,0.004178,0,0.0623,0.0774,0.0712,0.0661,0.0566
galar_pathology,pact,6,14511,0.004162,0,0.0403,0.0339,0.0110,0.0359,0.0172
galar_pathology,pact,7,10999,0.003154,0,0.0000,0.0000,0.0000,0.0000,0.0000
galar_pathology,pact,8,5982,0.001716,1,0.2399,0.0573,0.0559,0.0923,0.0898
galar_pathology,pact,9,2463,0.000706,1,0.0443,0.1141,0.0879,0.0600,0.0329
galar_pathology,pact,10,60,0.000017,1,0.0260,0.0446,0.0446,0.0329,0.0329
galar_pathology,pact,11,14,0.000004,1,0.0000,0.0000,0.0000,0.0000,0.0000
galar_pathology,pact_uncon,0,2986746,0.856549,0,0.9303,0.9477,0.0108,0.9389,0.0165
galar_pathology,pact_uncon,1,373575,0.107135,0,0.6278,0.5961,0.1283,0.6110,0.1140
galar_pathology,pact_uncon,2,33158,0.009509,0,0.1094,0.0779,0.0674,0.0691,0.0499
galar_pathology,pact_uncon,3,28571,0.008194,0,0.4635,0.4989,0.2809,0.4625,0.1888
galar_pathology,pact_uncon,4,16308,0.004677,0,0.1255,0.0461,0.0001,0.0625,0.0119
galar_pathology,pact_uncon,5,14567,0.004178,0,0.0623,0.0774,0.0712,0.0661,0.0566
galar_pathology,pact_uncon,6,14511,0.004162,0,0.0403,0.0339,0.0110,0.0359,0.0172
galar_pathology,pact_uncon,7,10999,0.003154,0,0.0000,0.0000,0.0000,0.0000,0.0000
galar_pathology,pact_uncon,8,5982,0.001716,1,0.2399,0.0573,0.0559,0.0923,0.0898
galar_pathology,pact_uncon,9,2463,0.000706,1,0.0443,0.1141,0.0879,0.0600,0.0329
galar_pathology,pact_uncon,10,60,0.000017,1,0.0260,0.0446,0.0446,0.0329,0.0329
galar_pathology,pact_uncon,11,14,0.000004,1,0.0000,0.0000,0.0000,0.0000,0.0000
galar_pathology,hceb,0,2986746,0.856549,0,0.9293,0.9489,0.0094,0.9389,0.0163
galar_pathology,hceb,1,373575,0.107135,0,0.6340,0.5893,0.1242,0.6105,0.1143
galar_pathology,hceb,2,33158,0.009509,0,0.1052,0.0772,0.0684,0.0667,0.0503
galar_pathology,hceb,3,28571,0.008194,0,0.4563,0.4972,0.2869,0.4525,0.1816
galar_pathology,hceb,4,16308,0.004677,0,0.1207,0.0426,0.0042,0.0595,0.0156
galar_pathology,hceb,5,14567,0.004178,0,0.0720,0.0741,0.0680,0.0712,0.0620
galar_pathology,hceb,6,14511,0.004162,0,0.0436,0.0341,0.0107,0.0369,0.0183
galar_pathology,hceb,7,10999,0.003154,0,0.0000,0.0000,0.0000,0.0000,0.0000
galar_pathology,hceb,8,5982,0.001716,1,0.2637,0.0543,0.0532,0.0899,0.0878
galar_pathology,hceb,9,2463,0.000706,1,0.0370,0.1324,0.0649,0.0574,0.0357
galar_pathology,hceb,10,60,0.000017,1,0.0212,0.0446,0.0446,0.0287,0.0287
galar_pathology,hceb,11,14,0.000004,1,0.0000,0.0000,0.0000,0.0000,0.0000
galar_pathology,hceb_t15,0,2986746,0.856549,0,0.9293,0.9488,0.0094,0.9389,0.0163
galar_pathology,hceb_t15,1,373575,0.107135,0,0.6341,0.5893,0.1242,0.6105,0.1143
galar_pathology,hceb_t15,2,33158,0.009509,0,0.1060,0.0772,0.0683,0.0668,0.0502
galar_pathology,hceb_t15,3,28571,0.008194,0,0.4533,0.4973,0.2870,0.4514,0.1818
galar_pathology,hceb_t15,4,16308,0.004677,0,0.1198,0.0426,0.0040,0.0593,0.0155
galar_pathology,hceb_t15,5,14567,0.004178,0,0.0706,0.0743,0.0682,0.0704,0.0612
galar_pathology,hceb_t15,6,14511,0.004162,0,0.0440,0.0344,0.0110,0.0372,0.0186
galar_pathology,hceb_t15,7,10999,0.003154,0,0.0000,0.0000,0.0000,0.0000,0.0000
galar_pathology,hceb_t15,8,5982,0.001716,1,0.2637,0.0546,0.0535,0.0903,0.0882
galar_pathology,hceb_t15,9,2463,0.000706,1,0.0370,0.1324,0.0649,0.0575,0.0356
galar_pathology,hceb_t15,10,60,0.000017,1,0.0212,0.0446,0.0446,0.0287,0.0287
galar_pathology,hceb_t15,11,14,0.000004,1,0.0000,0.0000,0.0000,0.0000,0.0000
galar_pathology,hceb_t60,0,2986746,0.856549,0,0.9293,0.9490,0.0093,0.9390,0.0162
galar_pathology,hceb_t60,1,373575,0.107135,0,0.6339,0.5894,0.1243,0.6105,0.1143
galar_pathology,hceb_t60,2,33158,0.009509,0,0.1055,0.0771,0.0682,0.0667,0.0503
galar_pathology,hceb_t60,3,28571,0.008194,0,0.4601,0.4971,0.2862,0.4539,0.1811
galar_pathology,hceb_t60,4,16308,0.004677,0,0.1212,0.0425,0.0043,0.0596,0.0155
galar_pathology,hceb_t60,5,14567,0.004178,0,0.0735,0.0740,0.0681,0.0720,0.0630
galar_pathology,hceb_t60,6,14511,0.004162,0,0.0433,0.0338,0.0104,0.0365,0.0180
galar_pathology,hceb_t60,7,10999,0.003154,0,0.0000,0.0000,0.0000,0.0000,0.0000
galar_pathology,hceb_t60,8,5982,0.001716,1,0.2646,0.0543,0.0532,0.0899,0.0878
galar_pathology,hceb_t60,9,2463,0.000706,1,0.0369,0.1326,0.0661,0.0574,0.0361
galar_pathology,hceb_t60,10,60,0.000017,1,0.0205,0.0446,0.0446,0.0281,0.0281
galar_pathology,hceb_t60,11,14,0.000004,1,0.0000,0.0000,0.0000,0.0000,0.0000
galar_pathology,condb,0,2986746,0.856549,0,0.9303,0.9455,0.0100,0.9378,0.0161
galar_pathology,condb,1,373575,0.107135,0,0.6239,0.5988,0.1246,0.6108,0.1139
galar_pathology,condb,2,33158,0.009509,0,0.1041,0.0815,0.0708,0.0652,0.0455
galar_pathology,condb,3,28571,0.008194,0,0.4276,0.5018,0.2862,0.4440,0.1811
galar_pathology,condb,4,16308,0.004677,0,0.1124,0.0519,0.0045,0.0674,0.0175
galar_pathology,condb,5,14567,0.004178,0,0.0636,0.0828,0.0683,0.0681,0.0480
galar_pathology,condb,6,14511,0.004162,0,0.0402,0.0371,0.0095,0.0370,0.0175
galar_pathology,condb,7,10999,0.003154,0,0.0000,0.0000,0.0000,0.0000,0.0000
galar_pathology,condb,8,5982,0.001716,1,0.2567,0.0108,0.0094,0.0207,0.0182
galar_pathology,condb,9,2463,0.000706,1,0.1732,0.0719,0.0397,0.0965,0.0693
galar_pathology,condb,10,60,0.000017,1,0.0000,0.0000,0.0000,0.0000,0.0000
galar_pathology,condb,11,14,0.000004,1,0.0000,0.0000,0.0000,0.0000,0.0000
galar_pathology,hcea,0,2986746,0.856549,0,0.9298,0.9472,0.0098,0.9383,0.0164
galar_pathology,hcea,1,373575,0.107135,0,0.6332,0.5901,0.1269,0.6104,0.1150
galar_pathology,hcea,2,33158,0.009509,0,0.1052,0.0773,0.0684,0.0665,0.0499
galar_pathology,hcea,3,28571,0.008194,0,0.4458,0.5057,0.2828,0.4517,0.1718
galar_pathology,hcea,4,16308,0.004677,0,0.1131,0.0423,0.0045,0.0585,0.0154
galar_pathology,hcea,5,14567,0.004178,0,0.0704,0.0741,0.0681,0.0704,0.0614
galar_pathology,hcea,6,14511,0.004162,0,0.0418,0.0347,0.0107,0.0364,0.0183
galar_pathology,hcea,7,10999,0.003154,0,0.0000,0.0000,0.0000,0.0000,0.0000
galar_pathology,hcea,8,5982,0.001716,1,0.2662,0.0518,0.0506,0.0865,0.0844
galar_pathology,hcea,9,2463,0.000706,1,0.0333,0.1427,0.0662,0.0536,0.0331
galar_pathology,hcea,10,60,0.000017,1,0.0198,0.0446,0.0446,0.0275,0.0275
galar_pathology,hcea,11,14,0.000004,1,0.0000,0.0000,0.0000,0.0000,0.0000
galar_pathology,hcea_s2,0,2986746,0.856549,0,0.9297,0.9474,0.0101,0.9384,0.0164
galar_pathology,hcea_s2,1,373575,0.107135,0,0.6340,0.5888,0.1283,0.6100,0.1155
galar_pathology,hcea_s2,2,33158,0.009509,0,0.1048,0.0767,0.0678,0.0659,0.0493
galar_pathology,hcea_s2,3,28571,0.008194,0,0.4451,0.5058,0.2829,0.4513,0.1715
galar_pathology,hcea_s2,4,16308,0.004677,0,0.1133,0.0424,0.0046,0.0586,0.0156
galar_pathology,hcea_s2,5,14567,0.004178,0,0.0697,0.0739,0.0684,0.0701,0.0618
galar_pathology,hcea_s2,6,14511,0.004162,0,0.0416,0.0347,0.0107,0.0364,0.0184
galar_pathology,hcea_s2,7,10999,0.003154,0,0.0000,0.0000,0.0000,0.0000,0.0000
galar_pathology,hcea_s2,8,5982,0.001716,1,0.2695,0.0483,0.0472,0.0818,0.0796
galar_pathology,hcea_s2,9,2463,0.000706,1,0.0339,0.1429,0.0653,0.0544,0.0336
galar_pathology,hcea_s2,10,60,0.000017,1,0.0160,0.0536,0.0536,0.0246,0.0246
galar_pathology,hcea_s2,11,14,0.000004,1,0.0000,0.0000,0.0000,0.0000,0.0000
galar_pathology,hcea_nosup,0,2986746,0.856549,0,0.9298,0.9472,0.0098,0.9383,0.0164
galar_pathology,hcea_nosup,1,373575,0.107135,0,0.6332,0.5901,0.1269,0.6104,0.1150
galar_pathology,hcea_nosup,2,33158,0.009509,0,0.1052,0.0773,0.0684,0.0665,0.0499
galar_pathology,hcea_nosup,3,28571,0.008194,0,0.4458,0.5057,0.2828,0.4517,0.1718
galar_pathology,hcea_nosup,4,16308,0.004677,0,0.1131,0.0423,0.0045,0.0585,0.0154
galar_pathology,hcea_nosup,5,14567,0.004178,0,0.0704,0.0741,0.0681,0.0704,0.0614
galar_pathology,hcea_nosup,6,14511,0.004162,0,0.0418,0.0347,0.0107,0.0364,0.0183
galar_pathology,hcea_nosup,7,10999,0.003154,0,0.0000,0.0000,0.0000,0.0000,0.0000
galar_pathology,hcea_nosup,8,5982,0.001716,1,0.2662,0.0518,0.0506,0.0865,0.0844
galar_pathology,hcea_nosup,9,2463,0.000706,1,0.0333,0.1427,0.0662,0.0536,0.0331
galar_pathology,hcea_nosup,10,60,0.000017,1,0.0198,0.0446,0.0446,0.0275,0.0275
galar_pathology,hcea_nosup,11,14,0.000004,1,0.0000,0.0000,0.0000,0.0000,0.0000
galar_pathology,conda,0,2986746,0.856549,0,0.9308,0.9435,0.0103,0.9371,0.0161
galar_pathology,conda,1,373575,0.107135,0,0.6225,0.6004,0.1269,0.6109,0.1143
galar_pathology,conda,2,33158,0.009509,0,0.1022,0.0817,0.0710,0.0647,0.0450
galar_pathology,conda,3,28571,0.008194,0,0.4148,0.5104,0.2823,0.4416,0.1723
galar_pathology,conda,4,16308,0.004677,0,0.1067,0.0528,0.0052,0.0674,0.0181
galar_pathology,conda,5,14567,0.004178,0,0.0590,0.0832,0.0693,0.0653,0.0462
galar_pathology,conda,6,14511,0.004162,0,0.0380,0.0376,0.0092,0.0360,0.0174
galar_pathology,conda,7,10999,0.003154,0,0.0000,0.0000,0.0000,0.0000,0.0000
galar_pathology,conda,8,5982,0.001716,1,0.2527,0.0105,0.0091,0.0201,0.0176
galar_pathology,conda,9,2463,0.000706,1,0.1353,0.0768,0.0436,0.0944,0.0679
galar_pathology,conda,10,60,0.000017,1,0.0000,0.0000,0.0000,0.0000,0.0000
galar_pathology,conda,11,14,0.000004,1,0.0000,0.0000,0.0000,0.0000,0.0000
galar_pathology,hcg_Lvid,0,2986746,0.856549,0,0.9309,0.9423,0.0107,0.9365,0.0162
galar_pathology,hcg_Lvid,1,373575,0.107135,0,0.6230,0.5990,0.1292,0.6103,0.1148
galar_pathology,hcg_Lvid,2,33158,0.009509,0,0.1021,0.0825,0.0717,0.0649,0.0450
galar_pathology,hcg_Lvid,3,28571,0.008194,0,0.4091,0.5114,0.2814,0.4402,0.1732
galar_pathology,hcg_Lvid,4,16308,0.004677,0,0.1042,0.0535,0.0045,0.0670,0.0180
galar_pathology,hcg_Lvid,5,14567,0.004178,0,0.0574,0.0846,0.0688,0.0644,0.0433
galar_pathology,hcg_Lvid,6,14511,0.004162,0,0.0369,0.0394,0.0106,0.0366,0.0180
galar_pathology,hcg_Lvid,7,10999,0.003154,0,0.0000,0.0000,0.0000,0.0000,0.0000
galar_pathology,hcg_Lvid,8,5982,0.001716,1,0.2763,0.0136,0.0117,0.0257,0.0226
galar_pathology,hcg_Lvid,9,2463,0.000706,1,0.1047,0.0805,0.0453,0.0889,0.0615
galar_pathology,hcg_Lvid,10,60,0.000017,1,0.0000,0.0000,0.0000,0.0000,0.0000
galar_pathology,hcg_Lvid,11,14,0.000004,1,0.0000,0.0000,0.0000,0.0000,0.0000
galar_pathology,hcg_L1000,0,2986746,0.856549,0,0.9323,0.9378,0.0112,0.9350,0.0163
galar_pathology,hcg_L1000,1,373575,0.107135,0,0.6130,0.6121,0.1256,0.6123,0.1126
galar_pathology,hcg_L1000,2,33158,0.009509,0,0.1017,0.0862,0.0706,0.0659,0.0381
galar_pathology,hcg_L1000,3,28571,0.008194,0,0.3991,0.5133,0.2799,0.4366,0.1725
galar_pathology,hcg_L1000,4,16308,0.004677,0,0.0992,0.0576,0.0044,0.0696,0.0178
galar_pathology,hcg_L1000,5,14567,0.004178,0,0.0545,0.0877,0.0675,0.0630,0.0376
galar_pathology,hcg_L1000,6,14511,0.004162,0,0.0374,0.0414,0.0098,0.0376,0.0178
galar_pathology,hcg_L1000,7,10999,0.003154,0,0.0000,0.0000,0.0000,0.0000,0.0000
galar_pathology,hcg_L1000,8,5982,0.001716,1,0.2944,0.0227,0.0209,0.0421,0.0391
galar_pathology,hcg_L1000,9,2463,0.000706,1,0.0928,0.0804,0.0461,0.0848,0.0576
galar_pathology,hcg_L1000,10,60,0.000017,1,0.0000,0.0000,0.0000,0.0000,0.0000
galar_pathology,hcg_L1000,11,14,0.000004,1,0.0000,0.0000,0.0000,0.0000,0.0000
galar_pathology,hcg_L300,0,2986746,0.856549,0,0.9334,0.9332,0.0125,0.9333,0.0167
galar_pathology,hcg_L300,1,373575,0.107135,0,0.6053,0.6194,0.1286,0.6119,0.1122
galar_pathology,hcg_L300,2,33158,0.009509,0,0.0980,0.0876,0.0700,0.0663,0.0355
galar_pathology,hcg_L300,3,28571,0.008194,0,0.3904,0.5152,0.2793,0.4317,0.1678
galar_pathology,hcg_L300,4,16308,0.004677,0,0.0945,0.0590,0.0049,0.0697,0.0178
galar_pathology,hcg_L300,5,14567,0.004178,0,0.0507,0.0906,0.0677,0.0604,0.0324
galar_pathology,hcg_L300,6,14511,0.004162,0,0.0373,0.0438,0.0113,0.0388,0.0188
galar_pathology,hcg_L300,7,10999,0.003154,0,0.0000,0.0000,0.0000,0.0000,0.0000
galar_pathology,hcg_L300,8,5982,0.001716,1,0.2932,0.0268,0.0250,0.0491,0.0461
galar_pathology,hcg_L300,9,2463,0.000706,1,0.0742,0.0834,0.0492,0.0781,0.0518
galar_pathology,hcg_L300,10,60,0.000017,1,0.0000,0.0000,0.0000,0.0000,0.0000
galar_pathology,hcg_L300,11,14,0.000004,1,0.0000,0.0000,0.0000,0.0000,0.0000
galar_pathology,hcg_L100,0,2986746,0.856549,0,0.9342,0.9298,0.0141,0.9320,0.0173
galar_pathology,hcg_L100,1,373575,0.107135,0,0.5998,0.6254,0.1300,0.6119,0.1112
galar_pathology,hcg_L100,2,33158,0.009509,0,0.0963,0.0891,0.0695,0.0665,0.0328
galar_pathology,hcg_L100,3,28571,0.008194,0,0.3893,0.5169,0.2784,0.4314,0.1651
galar_pathology,hcg_L100,4,16308,0.004677,0,0.0928,0.0604,0.0048,0.0701,0.0183
galar_pathology,hcg_L100,5,14567,0.004178,0,0.0467,0.0928,0.0699,0.0569,0.0293
galar_pathology,hcg_L100,6,14511,0.004162,0,0.0365,0.0442,0.0128,0.0386,0.0196
galar_pathology,hcg_L100,7,10999,0.003154,0,0.0000,0.0000,0.0000,0.0000,0.0000
galar_pathology,hcg_L100,8,5982,0.001716,1,0.2962,0.0266,0.0246,0.0488,0.0454
galar_pathology,hcg_L100,9,2463,0.000706,1,0.0601,0.0917,0.0525,0.0723,0.0459
galar_pathology,hcg_L100,10,60,0.000017,1,0.0000,0.0000,0.0000,0.0000,0.0000
galar_pathology,hcg_L100,11,14,0.000004,1,0.0000,0.0000,0.0000,0.0000,0.0000
galar_pathology,hcg_L30,0,2986746,0.856549,0,0.9359,0.9225,0.0199,0.9292,0.0194
galar_pathology,hcg_L30,1,373575,0.107135,0,0.5931,0.6334,0.1425,0.6113,0.1098
galar_pathology,hcg_L30,2,33158,0.009509,0,0.0901,0.0927,0.0679,0.0687,0.0281
galar_pathology,hcg_L30,3,28571,0.008194,0,0.3692,0.5207,0.2757,0.4244,0.1707
galar_pathology,hcg_L30,4,16308,0.004677,0,0.0852,0.0644,0.0047,0.0702,0.0189
galar_pathology,hcg_L30,5,14567,0.004178,0,0.0440,0.0973,0.0706,0.0544,0.0234
galar_pathology,hcg_L30,6,14511,0.004162,0,0.0357,0.0500,0.0126,0.0403,0.0191
galar_pathology,hcg_L30,7,10999,0.003154,0,0.0000,0.0000,0.0000,0.0000,0.0000
galar_pathology,hcg_L30,8,5982,0.001716,1,0.2736,0.0290,0.0272,0.0524,0.0495
galar_pathology,hcg_L30,9,2463,0.000706,1,0.0537,0.0995,0.0562,0.0696,0.0431
galar_pathology,hcg_L30,10,60,0.000017,1,0.0000,0.0000,0.0000,0.0000,0.0000
galar_pathology,hcg_L30,11,14,0.000004,1,0.0000,0.0000,0.0000,0.0000,0.0000
galar_pathology,hcg_L10,0,2986746,0.856549,0,0.9336,0.9293,0.0139,0.9314,0.0173
galar_pathology,hcg_L10,1,373575,0.107135,0,0.6109,0.6168,0.1286,0.6134,0.1118
galar_pathology,hcg_L10,2,33158,0.009509,0,0.0931,0.0940,0.0682,0.0681,0.0255
galar_pathology,hcg_L10,3,28571,0.008194,0,0.3690,0.5227,0.2791,0.4236,0.1676
galar_pathology,hcg_L10,4,16308,0.004677,0,0.0823,0.0660,0.0046,0.0706,0.0180
galar_pathology,hcg_L10,5,14567,0.004178,0,0.0453,0.0978,0.0689,0.0563,0.0234
galar_pathology,hcg_L10,6,14511,0.004162,0,0.0358,0.0515,0.0123,0.0407,0.0196
galar_pathology,hcg_L10,7,10999,0.003154,0,0.0000,0.0000,0.0000,0.0000,0.0000
galar_pathology,hcg_L10,8,5982,0.001716,1,0.0662,0.0015,0.0003,0.0027,0.0002
galar_pathology,hcg_L10,9,2463,0.000706,1,0.0471,0.1065,0.0581,0.0653,0.0379
galar_pathology,hcg_L10,10,60,0.000017,1,0.0000,0.0000,0.0000,0.0000,0.0000
galar_pathology,hcg_L10,11,14,0.000004,1,0.0000,0.0000,0.0000,0.0000,0.0000
galar_pathology,hcg_L3,0,2986746,0.856549,0,0.9317,0.9313,0.0106,0.9315,0.0163
galar_pathology,hcg_L3,1,373575,0.107135,0,0.6231,0.6003,0.1244,0.6112,0.1142
galar_pathology,hcg_L3,2,33158,0.009509,0,0.0892,0.0954,0.0678,0.0683,0.0239
galar_pathology,hcg_L3,3,28571,0.008194,0,0.3662,0.5210,0.2763,0.4226,0.1700
galar_pathology,hcg_L3,4,16308,0.004677,0,0.0793,0.0676,0.0054,0.0704,0.0187
galar_pathology,hcg_L3,5,14567,0.004178,0,0.0448,0.1003,0.0688,0.0561,0.0210
galar_pathology,hcg_L3,6,14511,0.004162,0,0.0352,0.0527,0.0114,0.0406,0.0190
galar_pathology,hcg_L3,7,10999,0.003154,0,0.0000,0.0000,0.0000,0.0000,0.0000
galar_pathology,hcg_L3,8,5982,0.001716,1,0.2728,0.0369,0.0364,0.0649,0.0640
galar_pathology,hcg_L3,9,2463,0.000706,1,0.2736,0.0468,0.0046,0.0520,0.0261
galar_pathology,hcg_L3,10,60,0.000017,1,0.0000,0.0000,0.0000,0.0000,0.0000
galar_pathology,hcg_L3,11,14,0.000004,1,0.0000,0.0000,0.0000,0.0000,0.0000
